{
  "model_type": "GradientBoostingRegressor",
  "version": "20251107_230632",
  "training_date": "2025-11-07T23:06:32.354032",
  "n_features": 111,
  "hyperparameters": {
    "alpha": 0.9,
    "ccp_alpha": 0.0,
    "criterion": "friedman_mse",
    "init": null,
    "learning_rate": 0.05,
    "loss": "squared_error",
    "max_depth": 4,
    "max_features": "sqrt",
    "max_leaf_nodes": null,
    "min_impurity_decrease": 0.0,
    "min_samples_leaf": 4,
    "min_samples_split": 10,
    "min_weight_fraction_leaf": 0.0,
    "n_estimators": 300,
    "n_iter_no_change": 20,
    "random_state": 42,
    "subsample": 0.8,
    "tol": 0.0001,
    "validation_fraction": 0.1,
    "verbose": 1,
    "warm_start": false
  },
  "random_seed": 42,
  "data_path": "/home/robert/FEURCast/data/rich_features_SPLG_history_full.csv",
  "performance_metrics": {
    "train": {
      "mse": 4.028849145416879e-05,
      "rmse": 0.006347321596876023,
      "mae": 0.0038774166652040063,
      "r2": 0.4118512268288501,
      "mape": 11176113.063077962,
      "directional_accuracy": 0.8421052631578947,
      "predictions": [
        0.0010504004006962318,
        0.0010504004006962318,
        0.00034126317233371535,
        0.00010748691990385378,
        -0.0006025596551955746,
        -0.0014100907418339982,
        -0.0022908995075348547,
        0.0015113341657425623,
        -0.003755092792152534,
        -0.004593255679053798,
        0.004343408810756292,
        -0.0007655792473409181,
        0.003583363243690009,
        -0.0011440979025128459,
        0.0040008757033721,
        0.0040294733778714975,
        0.00021234450467687473,
        -0.0020521293790829913,
        0.0039179819382589715
      ]
    },
    "validation": {
      "mse": 0.00014312273329941986,
      "rmse": 0.01196339137951358,
      "mae": 0.00987493688927766,
      "r2": -0.16878384984016637,
      "mape": 255.73571430398889,
      "directional_accuracy": 0.25,
      "predictions": [
        -0.0005048635306238818,
        -0.003188188982212678,
        -0.0024966002225043074,
        -0.0006762233502661298
      ]
    },
    "test": {
      "mse": 4.835961790196926e-05,
      "rmse": 0.006954107987511358,
      "mae": 0.0061142816510565065,
      "r2": -0.028020566151964132,
      "mape": 117.18620407675215,
      "directional_accuracy": 0.6,
      "predictions": [
        -0.0006762233502661298,
        -0.0016823735608295096,
        -0.0012315149608358724,
        0.00024136201893403306,
        -0.000938366710419599
      ]
    },
    "training_info": {
      "n_train_samples": 19,
      "n_val_samples": 4,
      "n_test_samples": 5,
      "n_features": 111,
      "train_date_range": [
        "2025-09-25 20:00:00",
        "2025-10-21 20:00:00"
      ],
      "val_date_range": [
        "2025-10-22 20:00:00",
        "2025-10-28 20:00:00"
      ],
      "test_date_range": [
        "2025-10-29 20:00:00",
        "2025-11-04 19:00:00"
      ]
    }
  }
}